Roll Number,Score
2310400107,4.824740253124631
231040024,4.824740253124631
